cohort,VR_g,SE_logVR,ci_low,ci_high
nlsy79,1.31059540705497,,,
nlsy97,1.2458548846301833,0.03383223928518729,1.1659203318909335,1.331269685502049
cnlsy,1.120192580158,,,
